<?xml version="1.0" encoding="UTF-8"?>
<project-private xmlns="http://www.netbeans.org/ns/project-private/1">
    <editor-bookmarks xmlns="http://www.netbeans.org/ns/editor-bookmarks/2" lastBookmarkId="0"/>
    <open-files xmlns="http://www.netbeans.org/ns/projectui-open-files/2">
        <group>
            <file>file:/C:/Users/maksm/OneDrive%20-%20Nottingham%20Trent%20University/src%20(1)/Node_1/Node/src/node/MessageSender.java</file>
            <file>file:/C:/Users/maksm/OneDrive%20-%20Nottingham%20Trent%20University/src%20(1)/Node_1/Node/src/node/Job.java</file>
        </group>
    </open-files>
</project-private>
